voting_country,country,juror_0,juror_1,juror_2,juror_3,juror_4,jury_ranking,televote_ranking
israel,Albania,13,24,23,21,17,21,23
israel,Azerbaijan,4,16,14,7,15,9,9
israel,Belgium,7,4,12,6,2,5,20
israel,Bulgaria,15,5,16,20,6,10,17
israel,Cyprus,8,6,11,8,9,8,12
israel,Finland,12,11,10,14,8,12,7
israel,France,3,7,2,2,5,3,3
israel,Germany,24,22,24,22,23,24,14
israel,Greece,20,10,17,23,18,17,15
israel,Iceland,10,12,7,13,12,11,10
israel,Italy,17,18,8,11,19,15,4
israel,Lithuania,6,2,3,1,3,2,8
israel,Malta,9,3,4,5,11,6,6
israel,Moldova,11,21,18,9,10,14,21
israel,Norway,21,17,15,15,14,19,11
israel,Portugal,22,9,20,12,16,16,19
israel,Russia,5,8,6,3,4,4,2
israel,San Marino,16,15,19,18,24,20,16
israel,Serbia,19,20,22,19,20,22,18
israel,Spain,23,19,21,24,21,23,24
israel,Sweden,14,23,9,16,7,13,13
israel,Switzerland,1,1,1,4,1,1,5
israel,The Netherlands,18,13,13,17,22,18,22
israel,Ukraine,2,14,5,10,13,7,1
israel,United Kingdom,25,25,25,25,25,25,25
albania,Azerbaijan,14,6,23,5,8,9,14
albania,Belgium,23,22,19,25,21,25,25
albania,Bulgaria,22,25,8,21,24,17,6
albania,Cyprus,3,5,4,8,6,4,9
albania,Finland,6,9,7,12,10,8,8
albania,France,2,1,3,2,2,2,5
albania,Germany,18,15,12,10,22,13,15
albania,Greece,4,10,5,4,9,5,3
albania,Iceland,8,13,10,11,11,11,21
albania,Israel,13,7,9,16,12,12,22
albania,Italy,16,4,21,7,3,7,2
albania,Lithuania,9,18,15,22,20,16,13
albania,Malta,7,3,2,3,4,3,12
albania,Moldova,25,24,11,20,23,20,4
albania,Norway,19,20,13,23,25,23,19
albania,Portugal,21,12,20,15,17,18,23
albania,Russia,15,14,18,13,13,14,17
albania,San Marino,5,8,6,9,5,6,11
albania,Serbia,11,11,17,6,7,10,16
albania,Spain,12,21,16,18,19,19,18
albania,Sweden,10,19,14,19,16,15,10
albania,Switzerland,1,2,1,1,1,1,1
albania,The Netherlands,17,23,24,14,18,22,24
albania,Ukraine,20,16,25,17,15,21,7
albania,United Kingdom,24,17,22,24,14,24,20
australia,Albania,25,23,22,24,24,26,24
australia,Azerbaijan,20,13,19,17,21,21,17
australia,Belgium,23,22,21,26,25,25,23
australia,Bulgaria,6,11,9,7,17,9,16
australia,Cyprus,5,5,7,9,13,7,14
australia,Finland,16,25,23,8,15,18,8
australia,France,15,3,2,1,5,4,7
australia,Germany,26,26,26,10,26,22,19
australia,Greece,13,9,17,18,11,13,11
australia,Iceland,2,7,1,6,3,3,1
australia,Israel,12,14,14,25,9,14,15
australia,Italy,7,24,4,3,4,5,4
australia,Lithuania,17,12,10,20,8,11,5
australia,Malta,1,2,3,4,1,1,3
australia,Moldova,22,20,25,15,22,24,25
australia,Norway,18,17,18,16,20,23,10
australia,Portugal,10,15,15,23,10,15,18
australia,Russia,9,10,13,14,16,10,12
australia,San Marino,19,19,12,11,14,17,13
australia,Serbia,24,6,20,12,23,12,9
australia,Spain,21,8,16,21,19,19,26
australia,Sweden,14,18,11,19,12,16,20
australia,Switzerland,4,1,8,2,2,2,6
australia,The Netherlands,3,16,6,13,7,8,22
australia,Ukraine,11,4,5,5,6,6,2
australia,United Kingdom,8,21,24,22,18,20,21
austria,Albania,22,24,25,19,18,26,13
austria,Azerbaijan,19,19,24,20,22,25,17
austria,Belgium,20,17,16,10,14,17,21
austria,Bulgaria,2,3,9,7,9,6,11
austria,Cyprus,15,25,13,9,21,16,20
austria,Finland,9,10,7,15,8,10,7
austria,France,7,1,5,6,2,3,5
austria,Germany,5,9,18,26,7,9,15
austria,Greece,12,21,12,13,25,18,19
austria,Iceland,1,5,1,8,3,1,2
austria,Israel,16,12,14,17,20,19,18
austria,Italy,11,7,3,2,1,5,3
austria,Lithuania,21,13,11,14,15,15,8
austria,Malta,3,6,8,22,11,7,9
austria,Moldova,23,22,22,11,26,21,24
austria,Norway,26,18,6,16,24,13,10
austria,Portugal,6,4,4,1,5,4,14
austria,Russia,17,20,23,3,12,11,12
austria,San Marino,13,26,17,24,23,22,22
austria,Serbia,18,11,19,18,10,14,1
austria,Spain,8,23,15,12,13,12,25
austria,Sweden,24,16,20,23,17,24,16
austria,Switzerland,4,2,2,4,4,2,6
austria,The Netherlands,10,8,10,5,6,8,23
austria,Ukraine,25,14,21,25,16,23,4
austria,United Kingdom,14,15,26,21,19,20,26
azerbaijan,Albania,20,10,19,25,18,20,21
azerbaijan,Belgium,16,15,7,19,2,8,17
azerbaijan,Bulgaria,7,12,13,6,10,10,20
azerbaijan,Cyprus,10,16,23,21,19,19,15
azerbaijan,Finland,13,14,5,9,11,13,6
azerbaijan,France,9,13,16,4,4,7,9
azerbaijan,Germany,22,24,21,24,21,23,19
azerbaijan,Greece,6,6,2,1,8,2,11
azerbaijan,Iceland,19,8,18,16,17,17,16
azerbaijan,Israel,11,17,15,12,14,16,1
azerbaijan,Italy,14,19,6,14,6,14,2
azerbaijan,Lithuania,21,23,20,13,22,22,14
azerbaijan,Malta,5,7,12,2,1,4,12
azerbaijan,Moldova,2,4,4,5,7,3,10
azerbaijan,Norway,18,9,8,18,16,15,4
azerbaijan,Portugal,12,3,14,8,12,9,25
azerbaijan,Russia,1,1,3,3,3,1,5
azerbaijan,San Marino,8,11,11,7,9,11,8
azerbaijan,Serbia,24,18,10,11,24,18,18
azerbaijan,Spain,17,21,25,20,13,21,24
azerbaijan,Sweden,4,20,1,15,20,6,13
azerbaijan,Switzerland,15,2,17,17,15,12,7
azerbaijan,The Netherlands,25,25,22,23,23,25,23
azerbaijan,Ukraine,3,5,9,10,5,5,3
azerbaijan,United Kingdom,23,22,24,22,25,24,22
belgium,Albania,18,21,23,20,22,20,15
belgium,Azerbaijan,22,23,20,25,19,23,13
belgium,Bulgaria,7,11,4,4,4,5,14
belgium,Cyprus,14,19,18,11,12,17,17
belgium,Finland,6,4,5,1,2,3,5
belgium,France,15,9,12,17,15,15,1
belgium,Germany,23,24,24,23,25,24,20
belgium,Greece,20,16,15,15,17,18,12
belgium,Iceland,4,7,11,5,11,8,6
belgium,Israel,10,17,10,18,16,16,19
belgium,Italy,17,15,16,6,7,9,3
belgium,Lithuania,9,14,14,14,10,13,4
belgium,Malta,5,5,3,12,14,6,9
belgium,Moldova,25,25,25,24,24,25,24
belgium,Norway,16,13,13,9,13,14,10
belgium,Portugal,12,12,9,13,8,10,11
belgium,Russia,3,3,2,7,3,4,16
belgium,San Marino,19,22,22,19,23,22,23
belgium,Serbia,24,18,19,22,21,19,22
belgium,Spain,13,8,17,16,9,12,21
belgium,Sweden,8,6,7,8,5,7,8
belgium,Switzerland,2,1,1,3,1,1,7
belgium,The Netherlands,11,10,8,10,18,11,18
belgium,Ukraine,1,2,6,2,6,2,2
belgium,United Kingdom,21,20,21,21,20,21,25
bulgaria,Albania,23,21,15,14,25,23,19
bulgaria,Azerbaijan,20,25,22,23,18,25,7
bulgaria,Belgium,3,20,20,24,23,12,21
bulgaria,Cyprus,12,22,19,10,12,16,13
bulgaria,Finland,21,15,7,8,7,10,3
bulgaria,France,18,5,3,6,1,4,2
bulgaria,Germany,15,16,25,22,24,24,16
bulgaria,Greece,2,2,10,3,5,3,9
bulgaria,Iceland,16,11,12,20,22,20,11
bulgaria,Israel,13,10,9,2,13,8,14
bulgaria,Italy,5,4,1,7,3,2,1
bulgaria,Lithuania,17,18,16,21,9,19,17
bulgaria,Malta,9,8,4,4,4,6,20
bulgaria,Moldova,1,1,5,1,6,1,15
bulgaria,Norway,8,13,17,18,16,15,12
bulgaria,Portugal,10,7,6,5,2,5,18
bulgaria,Russia,22,9,11,25,19,17,4
bulgaria,San Marino,25,19,18,16,15,22,23
bulgaria,Serbia,24,24,21,11,14,21,6
bulgaria,Spain,14,3,2,9,17,7,22
bulgaria,Sweden,6,14,14,15,11,11,10
bulgaria,Switzerland,7,23,13,13,10,13,8
bulgaria,The Netherlands,4,12,8,19,20,9,24
bulgaria,Ukraine,19,17,24,17,8,18,5
bulgaria,United Kingdom,11,6,23,12,21,14,25
croatia,Albania,10,13,12,14,9,12,10
croatia,Azerbaijan,19,21,16,20,18,19,9
croatia,Belgium,15,16,9,24,14,14,23
croatia,Bulgaria,16,12,15,23,15,17,17
croatia,Cyprus,5,6,17,15,13,11,15
croatia,Finland,21,17,14,9,19,15,5
croatia,France,2,7,2,8,5,5,4
croatia,Germany,26,25,23,17,22,23,19
croatia,Greece,23,20,22,21,24,24,21
croatia,Iceland,14,3,4,1,3,2,7
croatia,Israel,4,4,6,6,7,6,20
croatia,Italy,1,2,3,2,4,1,2
croatia,Lithuania,11,11,8,5,6,9,12
croatia,Malta,7,8,13,3,11,8,14
croatia,Moldova,24,26,26,22,23,25,22
croatia,Norway,20,23,21,18,26,22,13
croatia,Portugal,13,10,10,4,10,10,18
croatia,Russia,3,9,5,11,8,7,8
croatia,San Marino,17,22,24,19,21,21,16
croatia,Serbia,6,1,7,7,2,4,1
croatia,Spain,22,19,19,25,16,20,25
croatia,Sweden,12,15,20,12,17,16,11
croatia,Switzerland,9,5,1,10,1,3,6
croatia,The Netherlands,18,18,18,13,20,18,26
croatia,Ukraine,8,14,11,16,12,13,3
croatia,United Kingdom,25,24,25,26,25,26,24
cyprus,Albania,19,20,17,17,17,20,21
cyprus,Azerbaijan,17,17,19,14,16,19,14
cyprus,Belgium,11,1,14,15,18,7,20
cyprus,Bulgaria,14,8,9,2,23,6,4
cyprus,Finland,22,9,24,8,2,8,7
cyprus,France,3,7,8,6,5,4,3
cyprus,Germany,24,25,21,25,22,25,18
cyprus,Greece,1,2,1,1,1,1,1
cyprus,Iceland,10,6,18,11,19,15,15
cyprus,Israel,9,12,13,16,11,17,9
cyprus,Italy,4,4,5,5,4,3,2
cyprus,Lithuania,6,16,15,20,7,13,6
cyprus,Malta,2,3,4,3,3,2,10
cyprus,Moldova,12,11,10,10,14,16,25
cyprus,Norway,16,18,16,18,8,18,16
cyprus,Portugal,7,13,3,19,24,10,17
cyprus,Russia,5,5,6,7,6,5,8
cyprus,San Marino,13,10,11,9,9,12,19
cyprus,Serbia,25,21,23,21,13,22,12
cyprus,Spain,21,24,12,23,20,21,22
cyprus,Sweden,8,15,7,13,12,11,13
cyprus,Switzerland,15,14,2,12,15,9,11
cyprus,The Netherlands,23,23,22,22,25,24,23
cyprus,Ukraine,18,22,25,4,10,14,5
cyprus,United Kingdom,20,19,20,24,21,23,24
czech-republic,Albania,21,25,18,26,19,25,23
czech-republic,Azerbaijan,19,19,19,20,22,23,17
czech-republic,Belgium,22,4,10,7,10,8,19
czech-republic,Bulgaria,11,2,9,9,4,7,12
czech-republic,Cyprus,15,21,24,17,20,22,20
czech-republic,Finland,8,12,8,8,8,10,7
czech-republic,France,6,11,1,1,1,2,9
czech-republic,Germany,25,6,15,22,25,14,18
czech-republic,Greece,16,9,13,12,15,12,3
czech-republic,Iceland,4,1,5,4,5,3,4
czech-republic,Israel,14,23,16,14,12,17,15
czech-republic,Italy,1,14,7,3,7,5,5
czech-republic,Lithuania,12,20,14,25,24,21,10
czech-republic,Malta,2,16,3,6,3,4,14
czech-republic,Moldova,24,26,26,24,26,26,1
czech-republic,Norway,26,10,23,19,21,20,13
czech-republic,Portugal,3,3,2,2,2,1,21
czech-republic,Russia,7,22,4,10,11,9,6
czech-republic,San Marino,23,18,21,21,18,24,22
czech-republic,Serbia,9,24,17,16,13,16,11
czech-republic,Spain,10,13,11,23,17,15,24
czech-republic,Sweden,20,17,22,18,9,18,16
czech-republic,Switzerland,5,7,6,5,6,6,8
czech-republic,The Netherlands,17,15,20,13,14,19,25
czech-republic,Ukraine,13,5,12,15,23,11,2
czech-republic,United Kingdom,18,8,25,11,16,13,26
denmark,Albania,1,16,11,21,2,4,25
denmark,Azerbaijan,12,23,9,12,21,20,17
denmark,Belgium,24,17,21,19,9,23,16
denmark,Bulgaria,16,9,20,2,3,5,18
denmark,Cyprus,7,10,7,13,12,13,13
denmark,Finland,8,5,14,3,4,3,4
denmark,France,10,7,19,14,23,18,8
denmark,Germany,13,25,26,26,22,26,14
denmark,Greece,18,21,3,20,8,14,15
denmark,Iceland,3,2,4,8,11,2,1
denmark,Israel,20,18,2,9,25,10,21
denmark,Italy,23,14,23,22,10,24,6
denmark,Lithuania,21,19,13,18,16,25,7
denmark,Malta,15,3,5,16,14,7,9
denmark,Moldova,11,26,15,10,13,19,24
denmark,Norway,25,20,6,5,7,8,3
denmark,Portugal,14,8,18,7,24,16,11
denmark,Russia,17,4,22,25,26,17,12
denmark,San Marino,2,13,12,17,6,6,20
denmark,Serbia,9,22,16,24,18,22,23
denmark,Spain,22,11,10,23,5,15,26
denmark,Sweden,6,15,8,6,20,9,2
denmark,Switzerland,5,1,1,4,1,1,5
denmark,The Netherlands,4,6,24,15,17,12,19
denmark,Ukraine,26,24,17,1,19,11,10
denmark,United Kingdom,19,12,25,11,15,21,22
estonia,Albania,14,20,16,18,20,21,25
estonia,Azerbaijan,22,18,12,26,18,23,14
estonia,Belgium,16,10,15,16,21,19,15
estonia,Bulgaria,6,6,4,2,8,5,11
estonia,Cyprus,20,8,10,12,24,14,16
estonia,Finland,3,7,9,6,1,4,1
estonia,France,5,1,3,4,2,2,4
estonia,Germany,26,25,26,24,11,24,18
estonia,Greece,9,17,18,9,22,18,17
estonia,Iceland,2,4,8,3,7,3,8
estonia,Israel,13,11,14,8,13,13,21
estonia,Italy,15,5,13,21,4,8,3
estonia,Lithuania,12,12,7,10,10,9,2
estonia,Malta,18,9,17,7,9,10,13
estonia,Moldova,25,26,25,25,26,26,19
estonia,Norway,11,19,21,23,25,22,7
estonia,Portugal,17,3,11,5,6,6,12
estonia,Russia,23,23,6,22,12,17,5
estonia,San Marino,24,16,19,14,15,20,20
estonia,Serbia,10,14,5,19,16,11,23
estonia,Spain,4,24,23,13,19,12,24
estonia,Sweden,8,15,22,11,14,16,10
estonia,Switzerland,1,2,2,1,3,1,9
estonia,The Netherlands,21,21,24,15,5,15,26
estonia,Ukraine,7,13,1,20,23,7,6
estonia,United Kingdom,19,22,20,17,17,25,22
finland,Albania,9,9,16,24,11,14,18
finland,Azerbaijan,13,24,24,16,24,21,15
finland,Belgium,15,13,9,17,12,15,14
finland,Bulgaria,2,1,2,5,2,2,16
finland,Cyprus,20,22,22,15,16,22,17
finland,France,1,18,4,6,3,4,5
finland,Germany,22,16,17,20,18,23,19
finland,Greece,8,7,8,10,14,9,13
finland,Iceland,5,10,3,1,5,3,1
finland,Israel,17,6,15,13,7,11,21
finland,Italy,3,4,10,4,4,5,3
finland,Lithuania,10,5,11,7,20,8,6
finland,Malta,6,11,21,22,6,10,11
finland,Moldova,23,20,25,21,25,25,9
finland,Norway,16,23,6,14,23,16,7
finland,Portugal,11,15,12,8,10,13,12
finland,Russia,24,3,18,9,8,7,10
finland,San Marino,14,19,19,23,22,24,20
finland,Serbia,12,21,14,25,9,18,22
finland,Spain,21,17,7,18,13,17,25
finland,Sweden,7,14,13,2,19,6,8
finland,Switzerland,4,2,1,3,1,1,4
finland,The Netherlands,18,8,20,19,21,19,23
finland,Ukraine,25,12,5,11,15,12,2
finland,United Kingdom,19,25,23,12,17,20,24
france,Albania,16,4,16,22,11,15,15
france,Azerbaijan,24,13,22,17,16,25,18
france,Belgium,17,2,11,3,13,5,21
france,Bulgaria,14,12,18,2,25,13,17
france,Cyprus,8,15,12,12,3,9,22
france,Finland,19,16,1,20,19,12,10
france,Germany,18,9,13,24,5,16,13
france,Greece,2,23,4,5,1,1,20
france,Iceland,20,7,7,9,4,8,7
france,Israel,4,5,10,7,15,6,6
france,Italy,23,10,3,8,22,11,2
france,Lithuania,21,21,6,19,6,14,11
france,Malta,9,11,25,13,9,18,16
france,Moldova,6,22,14,21,8,17,4
france,Norway,15,20,23,18,12,23,14
france,Portugal,1,6,8,4,21,3,3
france,Russia,5,3,5,1,18,2,12
france,San Marino,13,17,9,6,2,7,24
france,Serbia,25,25,17,16,10,22,8
france,Spain,11,14,20,15,23,21,19
france,Sweden,10,18,2,11,17,10,9
france,Switzerland,3,1,15,10,20,4,5
france,The Netherlands,7,19,19,14,24,20,23
france,Ukraine,22,8,24,25,7,19,1
france,United Kingdom,12,24,21,23,14,24,25
georgia,Albania,19,23,19,22,23,23,22
georgia,Azerbaijan,8,14,6,2,6,6,8
georgia,Belgium,14,13,20,20,18,17,18
georgia,Bulgaria,7,7,4,12,4,7,13
georgia,Cyprus,15,20,14,18,26,18,16
georgia,Finland,11,9,25,9,13,12,15
georgia,France,26,12,10,16,11,13,6
georgia,Germany,23,15,11,13,12,15,17
georgia,Greece,21,25,22,15,21,20,1
georgia,Iceland,3,3,7,10,8,5,10
georgia,Israel,13,16,15,11,15,16,14
georgia,Italy,1,1,3,3,1,1,3
georgia,Lithuania,4,6,8,5,10,8,2
georgia,Malta,12,10,9,7,16,10,12
georgia,Moldova,24,24,23,17,25,26,9
georgia,Norway,16,19,12,19,9,14,19
georgia,Portugal,5,4,1,6,3,3,21
georgia,Russia,25,26,16,26,17,21,7
georgia,San Marino,18,21,24,24,24,25,4
georgia,Serbia,20,22,21,23,20,24,25
georgia,Spain,17,18,17,21,22,19,23
georgia,Sweden,10,11,13,8,14,11,20
georgia,Switzerland,2,2,2,1,2,2,11
georgia,The Netherlands,9,8,18,14,7,9,24
georgia,Ukraine,6,5,5,4,5,4,5
georgia,United Kingdom,22,17,26,25,19,22,26
germany,Albania,25,22,23,18,21,23,16
germany,Azerbaijan,19,10,15,7,19,15,17
germany,Belgium,5,19,19,6,15,11,21
germany,Bulgaria,23,7,10,15,20,16,15
germany,Cyprus,8,1,4,16,6,4,19
germany,Finland,7,17,13,19,18,18,3
germany,France,3,2,6,3,4,1,2
germany,Greece,13,20,21,20,23,22,14
germany,Iceland,4,9,8,5,12,8,5
germany,Israel,10,11,12,22,10,14,18
germany,Italy,16,3,7,13,1,5,4
germany,Lithuania,9,8,5,8,13,10,1
germany,Malta,2,4,11,1,7,3,12
germany,Moldova,18,24,25,21,22,24,25
germany,Norway,17,15,18,12,17,19,10
germany,Portugal,21,6,14,14,14,12,11
germany,Russia,11,12,2,9,9,9,6
germany,San Marino,14,14,20,11,8,17,23
germany,Serbia,22,21,24,17,11,21,8
germany,Spain,24,25,22,25,24,25,22
germany,Sweden,1,18,3,10,16,7,13
germany,Switzerland,12,5,1,4,2,2,9
germany,The Netherlands,15,16,17,24,5,13,20
germany,Ukraine,6,13,16,2,3,6,7
germany,United Kingdom,20,23,9,23,25,20,24
greece,Albania,12,11,12,9,10,17,4
greece,Azerbaijan,10,8,11,10,6,12,9
greece,Belgium,14,10,14,1,23,8,18
greece,Bulgaria,6,2,5,5,9,3,12
greece,Cyprus,3,3,1,2,1,1,1
greece,Finland,19,17,19,25,18,22,5
greece,France,1,13,10,13,14,6,3
greece,Germany,24,25,24,19,22,25,20
greece,Iceland,2,14,16,18,15,13,11
greece,Israel,9,21,21,3,19,15,22
greece,Italy,15,1,13,15,12,7,2
greece,Lithuania,20,22,4,7,8,11,13
greece,Malta,8,6,9,8,4,5,8
greece,Moldova,5,5,6,4,3,2,21
greece,Norway,22,20,22,14,20,21,14
greece,Portugal,17,19,2,21,24,16,19
greece,Russia,4,12,8,16,7,9,10
greece,San Marino,7,4,7,6,5,4,17
greece,Serbia,13,16,18,12,17,19,16
greece,Spain,21,18,20,24,11,20,23
greece,Sweden,18,9,23,11,25,18,15
greece,Switzerland,11,15,3,17,16,14,7
greece,The Netherlands,25,24,25,20,13,23,25
greece,Ukraine,16,7,17,23,2,10,6
greece,United Kingdom,23,23,15,22,21,24,24
iceland,Albania,11,13,5,20,17,11,24
iceland,Azerbaijan,22,21,23,23,16,23,15
iceland,Belgium,10,19,15,9,15,14,19
iceland,Bulgaria,2,3,8,2,6,3,16
iceland,Cyprus,20,11,20,21,14,19,13
iceland,Finland,6,10,7,4,5,6,1
iceland,France,7,2,1,10,8,5,4
iceland,Germany,24,22,24,24,25,24,17
iceland,Greece,18,4,10,6,3,7,12
iceland,Israel,12,25,16,15,18,20,18
iceland,Italy,17,5,2,5,2,4,6
iceland,Lithuania,13,12,12,8,19,13,7
iceland,Malta,5,16,6,22,9,10,8
iceland,Moldova,23,20,18,16,20,22,23
iceland,Norway,16,24,19,17,11,21,10
iceland,Portugal,3,9,3,1,4,2,9
iceland,Russia,9,18,4,7,12,9,11
iceland,San Marino,15,15,13,18,13,18,14
iceland,Serbia,21,8,21,12,21,16,21
iceland,Spain,8,17,17,14,22,15,25
iceland,Sweden,14,14,11,11,7,12,2
iceland,Switzerland,1,1,9,3,1,1,5
iceland,The Netherlands,19,7,22,19,23,17,22
iceland,Ukraine,4,6,14,13,10,8,3
iceland,United Kingdom,25,23,25,25,24,25,20
ireland,Albania,25,24,24,26,19,26,26
ireland,Azerbaijan,11,9,3,10,13,9,22
ireland,Belgium,14,5,26,22,2,8,24
ireland,Bulgaria,15,19,16,6,4,10,11
ireland,Cyprus,13,13,5,9,24,13,13
ireland,Finland,19,17,19,12,22,24,6
ireland,France,9,1,18,2,1,1,4
ireland,Germany,8,25,25,16,15,19,16
ireland,Greece,17,14,8,7,7,11,19
ireland,Iceland,2,6,2,3,16,3,2
ireland,Israel,22,20,20,15,9,20,20
ireland,Italy,24,4,15,24,21,17,5
ireland,Lithuania,26,3,10,5,11,7,1
ireland,Malta,6,2,9,1,5,2,7
ireland,Moldova,21,26,22,11,25,25,15
ireland,Norway,4,15,4,4,8,4,12
ireland,Portugal,7,11,23,13,6,12,9
ireland,Russia,12,8,6,21,14,15,14
ireland,San Marino,23,10,11,14,18,18,17
ireland,Serbia,16,16,21,19,12,22,18
ireland,Spain,10,21,13,23,26,21,25
ireland,Sweden,18,23,14,17,3,16,10
ireland,Switzerland,1,7,12,8,17,6,8
ireland,The Netherlands,5,18,7,18,20,14,23
ireland,Ukraine,3,12,1,20,23,5,3
ireland,United Kingdom,20,22,17,25,10,23,21
italy,Albania,20,18,14,20,25,21,2
italy,Azerbaijan,15,22,24,23,11,20,18
italy,Belgium,7,3,6,3,13,6,20
italy,Bulgaria,23,24,8,13,7,14,15
italy,Cyprus,19,15,12,8,19,15,21
italy,Finland,1,10,3,4,3,2,3
italy,France,12,1,15,12,10,8,10
italy,Germany,14,25,23,25,17,22,17
italy,Greece,17,16,17,10,21,17,22
italy,Iceland,8,2,4,2,6,3,5
italy,Israel,13,4,5,7,15,7,19
italy,Lithuania,5,8,1,1,1,1,6
italy,Malta,3,12,2,6,2,4,14
italy,Moldova,22,17,20,18,24,23,9
italy,Norway,4,11,10,9,8,9,11
italy,Portugal,2,9,7,5,4,5,16
italy,Russia,9,6,16,19,12,11,4
italy,San Marino,11,5,22,15,20,13,8
italy,Serbia,25,23,19,17,23,25,7
italy,Spain,21,14,13,22,18,19,24
italy,Sweden,10,20,9,11,9,12,13
italy,Switzerland,24,21,21,21,16,24,12
italy,The Netherlands,16,19,11,16,14,16,23
italy,Ukraine,6,7,25,24,5,10,1
italy,United Kingdom,18,13,18,14,22,18,25
latvia,Albania,17,23,22,23,17,23,24
latvia,Azerbaijan,15,24,15,12,22,20,12
latvia,Belgium,9,8,10,6,19,12,13
latvia,Bulgaria,11,17,3,13,3,6,15
latvia,Cyprus,21,22,24,25,25,25,20
latvia,Finland,12,5,5,7,8,7,3
latvia,France,6,7,9,11,4,8,8
latvia,Germany,24,20,14,10,11,17,18
latvia,Greece,13,18,16,15,6,14,16
latvia,Iceland,7,3,2,4,1,2,6
latvia,Israel,19,19,18,20,16,21,19
latvia,Italy,2,4,11,2,12,3,4
latvia,Lithuania,5,2,19,3,10,5,1
latvia,Malta,3,9,7,21,15,9,17
latvia,Moldova,23,25,13,18,24,22,11
latvia,Norway,25,14,4,24,5,11,9
latvia,Portugal,14,11,12,8,7,13,14
latvia,Russia,10,10,6,5,18,10,2
latvia,San Marino,8,16,23,17,23,18,21
latvia,Serbia,20,26,25,26,26,26,25
latvia,Spain,22,21,26,16,20,24,26
latvia,Sweden,18,12,21,19,13,19,10
latvia,Switzerland,4,1,1,9,2,1,7
latvia,The Netherlands,16,15,20,14,9,16,22
latvia,Ukraine,1,13,8,1,14,4,5
latvia,United Kingdom,26,6,17,22,21,15,23
lithuania,Albania,23,22,24,19,24,23,25
lithuania,Azerbaijan,21,18,20,22,22,21,14
lithuania,Belgium,6,4,3,3,1,4,9
lithuania,Bulgaria,7,13,8,11,15,9,18
lithuania,Cyprus,13,15,21,15,17,18,11
lithuania,Finland,12,10,10,12,10,11,4
lithuania,France,2,5,6,7,14,6,3
lithuania,Germany,14,12,14,10,8,12,13
lithuania,Greece,8,14,19,13,16,15,17
lithuania,Iceland,10,7,11,5,9,7,8
lithuania,Israel,11,16,7,20,7,10,16
lithuania,Italy,1,2,4,6,4,2,2
lithuania,Malta,15,8,9,8,5,8,15
lithuania,Moldova,25,25,23,25,23,25,22
lithuania,Norway,9,20,17,17,6,13,6
lithuania,Portugal,4,1,5,4,12,5,12
lithuania,Russia,16,21,16,24,19,19,7
lithuania,San Marino,18,24,22,21,20,22,19
lithuania,Serbia,24,23,25,23,21,24,21
lithuania,Spain,22,19,12,16,13,17,24
lithuania,Sweden,17,9,13,14,18,16,10
lithuania,Switzerland,5,6,2,2,2,3,5
lithuania,The Netherlands,19,11,15,9,11,14,23
lithuania,Ukraine,3,3,1,1,3,1,1
lithuania,United Kingdom,20,17,18,18,25,20,20
malta,Albania,3,22,3,3,19,1,18
malta,Azerbaijan,10,23,12,7,5,14,12
malta,Belgium,11,18,18,18,14,21,22
malta,Bulgaria,25,7,6,16,10,16,11
malta,Cyprus,16,21,2,6,7,7,9
malta,Finland,5,2,11,22,22,9,4
malta,France,23,12,1,15,6,8,8
malta,Germany,8,25,24,19,23,22,19
malta,Greece,20,11,4,1,11,5,17
malta,Iceland,2,19,16,9,18,12,6
malta,Israel,14,20,17,17,13,24,21
malta,Italy,18,9,13,4,8,11,1
malta,Lithuania,19,8,7,13,15,17,5
malta,Moldova,15,14,22,2,12,13,24
malta,Norway,7,24,15,8,25,19,2
malta,Portugal,22,1,19,12,2,4,15
malta,Russia,13,16,21,14,16,23,16
malta,San Marino,4,5,9,23,17,10,20
malta,Serbia,6,17,25,20,9,18,7
malta,Spain,24,10,20,21,24,25,23
malta,Sweden,21,15,5,5,1,3,3
malta,Switzerland,1,6,14,25,4,2,13
malta,The Netherlands,17,13,8,10,21,20,25
malta,Ukraine,9,4,10,24,3,6,10
malta,United Kingdom,12,3,23,11,20,15,14
moldova,Albania,11,12,17,13,8,14,22
moldova,Azerbaijan,8,5,4,23,6,5,10
moldova,Belgium,22,4,8,16,24,12,20
moldova,Bulgaria,2,1,1,3,1,1,12
moldova,Cyprus,4,11,14,8,25,10,13
moldova,Finland,21,21,19,7,23,16,6
moldova,France,1,8,18,20,9,7,5
moldova,Germany,16,20,25,11,13,20,17
moldova,Greece,6,2,3,5,3,3,4
moldova,Iceland,15,18,10,1,7,6,11
moldova,Israel,14,14,15,21,17,22,18
moldova,Italy,18,24,9,25,18,21,3
moldova,Lithuania,20,6,23,18,22,15,9
moldova,Malta,3,13,6,2,11,4,14
moldova,Norway,17,17,22,14,10,18,15
moldova,Portugal,13,10,12,6,5,9,16
moldova,Russia,5,3,2,4,2,2,1
moldova,San Marino,9,22,5,12,16,13,19
moldova,Serbia,12,15,13,19,15,17,21
moldova,Spain,19,19,16,9,19,19,24
moldova,Sweden,24,23,20,24,21,25,8
moldova,Switzerland,7,9,11,10,4,8,7
moldova,The Netherlands,23,25,21,15,14,23,23
moldova,Ukraine,10,7,7,22,12,11,2
moldova,United Kingdom,25,16,24,17,20,24,25
netherlands,Albania,11,11,9,8,20,10,22
netherlands,Azerbaijan,8,6,18,13,11,9,16
netherlands,Belgium,6,3,6,3,6,5,15
netherlands,Bulgaria,15,12,16,19,17,17,14
netherlands,Cyprus,13,24,21,22,24,21,20
netherlands,Finland,19,14,13,10,15,14,7
netherlands,France,2,2,2,2,3,1,1
netherlands,Germany,23,25,24,25,23,25,18
netherlands,Greece,20,18,11,18,19,18,2
netherlands,Iceland,1,10,1,4,1,2,3
netherlands,Israel,9,4,3,5,7,7,17
netherlands,Italy,12,13,17,12,12,13,9
netherlands,Lithuania,18,15,14,11,13,15,8
netherlands,Malta,3,5,4,7,2,4,10
netherlands,Moldova,25,23,23,24,25,24,25
netherlands,Norway,16,17,20,16,10,16,13
netherlands,Portugal,5,16,12,17,14,12,5
netherlands,Russia,4,1,5,6,4,3,11
netherlands,San Marino,21,21,19,14,16,20,21
netherlands,Serbia,24,22,22,23,22,23,19
netherlands,Spain,14,19,15,21,18,19,24
netherlands,Sweden,17,8,10,15,9,11,12
netherlands,Switzerland,7,7,7,1,5,6,4
netherlands,Ukraine,10,9,8,9,8,8,6
netherlands,United Kingdom,22,20,25,20,21,22,23
north-macedonia,Albania,5,18,11,18,11,12,2
north-macedonia,Azerbaijan,16,15,10,11,22,18,8
north-macedonia,Belgium,12,6,25,16,14,14,23
north-macedonia,Bulgaria,15,8,20,22,9,15,11
north-macedonia,Cyprus,10,12,15,9,4,9,5
north-macedonia,Finland,20,17,21,17,18,22,9
north-macedonia,France,2,2,6,7,10,4,6
north-macedonia,Germany,24,21,19,21,26,25,24
north-macedonia,Greece,14,16,12,10,17,17,16
north-macedonia,Iceland,26,9,5,3,16,7,12
north-macedonia,Israel,4,7,1,8,5,3,22
north-macedonia,Italy,7,1,3,1,6,2,3
north-macedonia,Lithuania,25,22,26,23,20,26,17
north-macedonia,Malta,9,5,2,5,7,6,13
north-macedonia,Moldova,22,20,17,26,23,24,15
north-macedonia,Norway,18,23,8,19,19,19,18
north-macedonia,Portugal,11,26,7,15,8,13,21
north-macedonia,Russia,8,11,4,13,21,10,10
north-macedonia,San Marino,17,14,22,20,25,21,19
north-macedonia,Serbia,1,3,9,2,2,1,1
north-macedonia,Spain,23,19,14,24,13,20,25
north-macedonia,Sweden,19,13,16,14,1,8,14
north-macedonia,Switzerland,3,4,23,4,3,5,4
north-macedonia,The Netherlands,13,24,18,25,24,23,26
north-macedonia,Ukraine,6,25,24,6,15,11,7
north-macedonia,United Kingdom,21,10,13,12,12,16,20
norway,Albania,13,18,11,22,20,19,21
norway,Azerbaijan,8,11,6,11,16,11,10
norway,Belgium,21,19,18,18,22,22,22
norway,Bulgaria,23,4,19,7,1,5,16
norway,Cyprus,12,8,23,9,17,15,13
norway,Finland,16,16,4,15,9,13,5
norway,France,6,6,9,8,8,7,7
norway,Germany,24,22,24,24,25,25,14
norway,Greece,10,7,13,5,23,10,19
norway,Iceland,4,13,15,14,7,9,2
norway,Israel,2,5,3,3,13,3,18
norway,Italy,7,20,12,6,3,6,4
norway,Lithuania,25,14,10,16,15,18,1
norway,Malta,1,2,1,4,2,1,8
norway,Moldova,17,24,25,25,19,23,25
norway,Portugal,14,15,14,10,11,17,12
norway,Russia,9,12,8,23,18,16,11
norway,San Marino,15,17,21,12,21,20,17
norway,Serbia,19,25,22,20,24,24,15
norway,Spain,22,23,20,19,14,21,23
norway,Sweden,3,1,17,1,6,2,3
norway,Switzerland,18,3,5,2,5,4,9
norway,The Netherlands,11,10,16,17,4,12,20
norway,Ukraine,5,21,2,21,10,8,6
norway,United Kingdom,20,9,7,13,12,14,24
poland,Albania,13,18,11,22,20,19,21
poland,Azerbaijan,8,11,6,11,16,11,10
poland,Belgium,21,19,18,18,22,22,22
poland,Bulgaria,23,4,19,7,1,5,16
poland,Cyprus,12,8,23,9,17,15,13
poland,Finland,16,16,4,15,9,13,5
poland,France,6,6,9,8,8,7,7
poland,Germany,24,22,24,24,25,25,14
poland,Greece,10,7,13,5,23,10,19
poland,Iceland,4,13,15,14,7,9,2
poland,Israel,2,5,3,3,13,3,18
poland,Italy,7,20,12,6,3,6,4
poland,Lithuania,25,14,10,16,15,18,1
poland,Malta,1,2,1,4,2,1,8
poland,Moldova,17,24,25,25,19,23,25
poland,Portugal,14,15,14,10,11,17,12
poland,Russia,9,12,8,23,18,16,11
poland,San Marino,15,17,21,12,21,20,17
poland,Serbia,19,25,22,20,24,24,15
poland,Spain,22,23,20,19,14,21,23
poland,Sweden,3,1,17,1,6,2,3
poland,Switzerland,18,3,5,2,5,4,9
poland,The Netherlands,11,10,16,17,4,12,20
poland,Ukraine,5,21,2,21,10,8,6
poland,United Kingdom,20,9,7,13,12,14,24
portugal,Albania,18,17,17,21,13,19,24
portugal,Azerbaijan,14,14,11,11,14,15,21
portugal,Belgium,9,2,3,9,9,6,18
portugal,Bulgaria,1,1,10,2,5,1,13
portugal,Cyprus,16,18,12,16,23,16,19
portugal,Finland,6,13,20,22,3,11,6
portugal,France,7,5,8,12,1,5,1
portugal,Germany,22,12,25,23,15,20,17
portugal,Greece,17,22,22,15,22,22,9
portugal,Iceland,3,6,4,5,7,3,8
portugal,Israel,8,8,18,14,10,14,16
portugal,Italy,12,3,16,1,11,8,4
portugal,Lithuania,20,20,14,4,8,12,14
portugal,Malta,4,9,7,6,4,7,15
portugal,Moldova,19,24,23,13,16,21,3
portugal,Norway,23,21,24,18,24,25,11
portugal,Russia,5,11,2,3,6,2,10
portugal,San Marino,24,25,15,17,12,18,23
portugal,Serbia,11,10,9,7,17,13,20
portugal,Spain,15,19,19,25,25,23,12
portugal,Sweden,13,23,13,20,18,17,7
portugal,Switzerland,2,15,6,8,2,4,5
portugal,The Netherlands,10,4,5,19,20,10,22
portugal,Ukraine,21,7,1,10,19,9,2
portugal,United Kingdom,25,16,21,24,21,24,25
romania,Albania,9,26,18,10,17,16,20
romania,Azerbaijan,19,19,16,20,24,24,7
romania,Belgium,12,6,26,16,26,12,24
romania,Bulgaria,10,15,13,4,6,9,14
romania,Cyprus,16,20,8,13,19,17,16
romania,Finland,3,4,11,3,3,3,5
romania,France,6,7,5,6,9,7,3
romania,Germany,20,10,12,7,15,10,23
romania,Greece,15,18,15,21,16,23,21
romania,Iceland,26,9,14,26,13,18,12
romania,Israel,8,16,19,12,10,11,10
romania,Italy,4,12,3,18,18,8,2
romania,Lithuania,22,11,7,24,20,15,8
romania,Malta,1,1,2,1,1,1,9
romania,Moldova,5,5,10,5,7,5,1
romania,Norway,18,17,23,9,25,21,13
romania,Portugal,2,3,4,2,4,2,22
romania,Russia,23,22,9,19,12,19,18
romania,San Marino,25,24,20,25,21,26,17
romania,Serbia,13,25,22,23,11,22,11
romania,Spain,24,14,25,8,23,20,19
romania,Sweden,14,13,21,14,8,13,15
romania,Switzerland,11,8,1,22,2,4,6
romania,The Netherlands,7,21,17,15,14,14,26
romania,Ukraine,21,2,6,11,5,6,4
romania,United Kingdom,17,23,24,17,22,25,25
russia,Albania,16,15,23,6,14,12,18
russia,Azerbaijan,3,1,8,5,4,3,7
russia,Belgium,9,13,4,22,9,8,16
russia,Bulgaria,10,8,6,2,3,5,20
russia,Cyprus,25,6,14,8,7,9,1
russia,Finland,13,11,20,12,11,14,3
russia,France,18,14,18,16,17,20,5
russia,Germany,8,25,19,25,24,18,14
russia,Greece,7,3,3,10,2,4,15
russia,Iceland,22,19,11,18,13,16,10
russia,Israel,4,4,10,4,6,6,19
russia,Italy,1,5,2,7,5,2,2
russia,Lithuania,15,18,15,23,20,22,9
russia,Malta,5,7,7,3,10,7,13
russia,Moldova,2,2,1,1,1,1,8
russia,Norway,17,23,25,14,22,24,11
russia,Portugal,20,12,9,20,15,15,22
russia,San Marino,11,22,22,24,12,19,21
russia,Serbia,23,16,24,17,16,23,17
russia,Spain,19,21,21,19,19,25,23
russia,Sweden,6,9,12,21,18,11,12
russia,Switzerland,24,10,5,11,21,10,6
russia,The Netherlands,14,17,17,15,23,21,24
russia,Ukraine,12,24,13,13,8,13,4
russia,United Kingdom,21,20,16,9,25,17,25
san-marino,Albania,10,6,11,14,7,9,19
san-marino,Azerbaijan,20,15,18,19,21,23,15
san-marino,Belgium,6,20,22,12,8,13,23
san-marino,Bulgaria,5,11,9,6,13,8,9
san-marino,Cyprus,9,14,13,16,11,17,3
san-marino,Finland,14,3,24,10,16,10,7
san-marino,France,1,2,1,3,1,1,2
san-marino,Germany,24,21,25,9,19,19,21
san-marino,Greece,4,9,4,4,2,3,4
san-marino,Iceland,16,8,16,8,10,12,13
san-marino,Israel,13,23,15,17,17,20,18
san-marino,Italy,2,1,5,1,4,2,1
san-marino,Lithuania,3,10,8,15,6,5,12
san-marino,Malta,7,4,2,20,3,4,17
san-marino,Moldova,8,5,12,18,5,6,5
san-marino,Norway,19,22,20,21,25,24,14
san-marino,Portugal,23,19,6,7,24,15,20
san-marino,Russia,11,16,17,5,15,14,10
san-marino,Serbia,25,24,21,2,14,11,16
san-marino,Spain,22,18,23,25,23,25,22
san-marino,Sweden,17,12,7,11,18,16,11
san-marino,Switzerland,12,7,3,23,9,7,8
san-marino,The Netherlands,18,25,19,13,20,21,25
san-marino,Ukraine,15,13,10,24,12,18,6
san-marino,United Kingdom,21,17,14,22,22,22,24
serbia,Albania,23,21,17,20,23,23,11
serbia,Azerbaijan,13,19,12,21,20,20,7
serbia,Belgium,18,22,23,22,22,24,21
serbia,Bulgaria,1,7,9,19,8,5,12
serbia,Cyprus,20,18,22,25,15,22,9
serbia,Finland,2,4,14,1,4,2,4
serbia,France,8,1,1,5,3,1,2
serbia,Germany,17,25,25,24,24,25,18
serbia,Greece,4,14,15,7,6,8,8
serbia,Iceland,11,12,4,2,2,4,6
serbia,Israel,22,13,8,3,7,9,20
serbia,Italy,7,3,6,9,1,3,1
serbia,Lithuania,21,10,18,17,14,18,13
serbia,Malta,10,5,10,11,11,11,16
serbia,Moldova,5,20,24,16,18,16,22
serbia,Norway,14,6,21,13,9,15,17
serbia,Portugal,3,8,19,4,16,6,19
serbia,Russia,19,17,7,14,13,17,5
serbia,San Marino,9,9,5,12,19,13,15
serbia,Spain,12,24,20,10,25,19,23
serbia,Sweden,16,2,13,15,5,7,14
serbia,Switzerland,24,15,3,8,10,10,10
serbia,The Netherlands,15,16,16,18,21,21,25
serbia,Ukraine,25,11,2,23,12,12,3
serbia,United Kingdom,6,23,11,6,17,14,24
slovenia,Albania,10,12,9,15,5,11,12
slovenia,Azerbaijan,9,16,14,17,9,16,16
slovenia,Belgium,6,17,4,20,4,5,19
slovenia,Bulgaria,19,18,16,19,20,20,20
slovenia,Cyprus,13,9,15,7,12,15,15
slovenia,Finland,12,14,13,3,6,7,7
slovenia,France,7,8,5,8,16,9,5
slovenia,Germany,24,24,22,24,24,24,17
slovenia,Greece,18,10,10,11,2,8,3
slovenia,Iceland,1,6,3,1,8,2,8
slovenia,Israel,5,11,8,14,7,10,22
slovenia,Italy,3,7,2,2,1,1,2
slovenia,Lithuania,21,22,20,16,10,18,14
slovenia,Malta,11,3,12,5,17,6,13
slovenia,Moldova,23,26,24,22,19,23,26
slovenia,Norway,17,4,17,13,14,14,9
slovenia,Portugal,14,20,19,18,18,19,18
slovenia,Russia,2,1,1,9,13,3,10
slovenia,San Marino,26,19,26,21,22,22,21
slovenia,Serbia,16,5,11,10,15,13,1
slovenia,Spain,22,21,21,23,21,21,23
slovenia,Sweden,15,13,18,6,23,17,11
slovenia,Switzerland,4,2,6,4,3,4,6
slovenia,The Netherlands,25,23,23,25,25,26,24
slovenia,Ukraine,8,15,7,12,11,12,4
slovenia,United Kingdom,20,25,25,26,26,25,25
spain,Albania,16,17,13,19,12,17,25
spain,Azerbaijan,12,11,18,15,24,14,17
spain,Belgium,18,18,15,12,22,19,22
spain,Bulgaria,13,8,5,4,7,7,3
spain,Cyprus,7,6,10,2,6,5,13
spain,Finland,21,22,20,17,19,23,9
spain,France,1,1,1,3,1,1,1
spain,Germany,15,24,14,18,18,20,15
spain,Greece,8,19,6,9,8,10,21
spain,Iceland,6,5,4,11,3,4,6
spain,Israel,3,9,9,6,10,8,20
spain,Italy,17,12,21,14,11,13,2
spain,Lithuania,11,4,12,7,14,9,7
spain,Malta,5,3,2,8,4,3,8
spain,Moldova,20,21,16,21,17,21,19
spain,Norway,23,25,25,23,15,24,11
spain,Portugal,4,7,8,5,5,6,10
spain,Russia,19,14,24,22,23,22,14
spain,San Marino,9,15,22,20,20,18,16
spain,Serbia,14,20,17,24,9,15,18
spain,Sweden,25,16,11,10,13,12,12
spain,Switzerland,2,2,3,1,2,2,4
spain,The Netherlands,24,10,7,13,16,11,24
spain,Ukraine,22,23,23,25,21,25,5
spain,United Kingdom,10,13,19,16,25,16,23
sweden,Albania,20,22,22,23,21,25,15
sweden,Azerbaijan,6,21,14,5,12,13,18
sweden,Belgium,13,23,7,10,3,10,16
sweden,Bulgaria,8,7,17,7,10,12,19
sweden,Cyprus,11,9,16,6,14,16,14
sweden,Finland,12,8,19,18,5,14,1
sweden,France,2,4,10,9,8,5,5
sweden,Germany,21,13,20,12,24,20,21
sweden,Greece,24,20,23,17,19,23,17
sweden,Iceland,3,12,2,13,7,4,2
sweden,Israel,15,15,4,1,16,7,20
sweden,Italy,5,1,3,20,6,2,8
sweden,Lithuania,9,10,5,19,22,15,4
sweden,Malta,7,3,6,2,1,1,9
sweden,Moldova,18,18,21,24,25,24,13
sweden,Norway,19,6,11,3,9,9,3
sweden,Portugal,16,17,15,8,2,11,11
sweden,Russia,4,5,9,11,13,8,12
sweden,San Marino,22,11,18,22,11,19,23
sweden,Serbia,17,24,13,21,20,21,10
sweden,Spain,25,25,24,16,17,22,24
sweden,Switzerland,10,2,8,15,4,6,6
sweden,The Netherlands,14,19,12,14,15,18,22
sweden,Ukraine,1,14,1,25,23,3,7
sweden,United Kingdom,23,16,25,4,18,17,25
switzerland,Albania,10,14,6,10,13,11,4
switzerland,Azerbaijan,19,10,1,19,11,9,19
switzerland,Belgium,16,11,22,17,17,20,21
switzerland,Bulgaria,1,4,5,3,7,2,16
switzerland,Cyprus,5,9,18,14,21,13,20
switzerland,Finland,11,7,9,5,9,10,7
switzerland,France,3,2,8,1,1,1,5
switzerland,Germany,25,18,20,22,22,23,14
switzerland,Greece,6,15,11,15,18,14,13
switzerland,Iceland,15,6,21,4,5,6,6
switzerland,Israel,17,20,7,8,23,16,18
switzerland,Italy,14,1,14,2,2,3,2
switzerland,Lithuania,7,8,3,13,14,7,10
switzerland,Malta,8,5,4,7,3,5,12
switzerland,Moldova,24,24,17,25,24,24,23
switzerland,Norway,20,25,25,23,25,25,15
switzerland,Portugal,2,3,16,6,4,4,3
switzerland,Russia,21,17,2,11,6,8,11
switzerland,San Marino,13,12,12,16,20,18,24
switzerland,Serbia,12,22,10,24,15,19,1
switzerland,Spain,18,19,13,20,16,21,17
switzerland,Sweden,4,13,23,18,10,12,8
switzerland,The Netherlands,9,16,24,12,8,15,22
switzerland,Ukraine,23,21,15,9,12,17,9
switzerland,United Kingdom,22,23,19,21,19,22,25
ukraine,Albania,23,22,15,24,22,24,21
ukraine,Azerbaijan,9,15,11,8,3,8,8
ukraine,Belgium,3,10,3,5,20,5,10
ukraine,Bulgaria,14,9,16,10,16,14,17
ukraine,Cyprus,8,12,13,18,24,16,15
ukraine,Finland,19,14,9,14,14,17,3
ukraine,France,12,1,10,2,2,2,6
ukraine,Germany,18,21,19,21,13,20,14
ukraine,Greece,16,6,20,13,21,15,16
ukraine,Iceland,11,8,5,7,6,7,5
ukraine,Israel,4,5,2,17,4,4,13
ukraine,Italy,1,2,4,1,1,1,1
ukraine,Lithuania,13,11,8,9,7,11,2
ukraine,Malta,6,3,6,6,10,6,11
ukraine,Moldova,15,13,24,20,19,19,18
ukraine,Norway,2,19,14,19,11,10,12
ukraine,Portugal,7,17,7,12,5,9,19
ukraine,Russia,17,25,25,15,25,22,7
ukraine,San Marino,25,18,23,25,17,25,20
ukraine,Serbia,24,16,22,16,23,21,22
ukraine,Spain,21,20,18,4,15,13,25
ukraine,Sweden,10,7,12,11,8,12,9
ukraine,Switzerland,5,4,1,3,12,3,4
ukraine,The Netherlands,20,24,17,23,18,23,24
ukraine,United Kingdom,22,23,21,22,9,18,23
united-kingdom,Albania,21,15,16,18,19,22,21
united-kingdom,Azerbaijan,25,9,19,22,17,19,19
united-kingdom,Belgium,11,6,9,6,22,10,25
united-kingdom,Bulgaria,13,4,6,7,5,6,3
united-kingdom,Cyprus,15,23,17,14,13,21,13
united-kingdom,Finland,3,16,4,13,8,7,4
united-kingdom,France,4,1,3,2,2,1,6
united-kingdom,Germany,16,25,24,23,15,24,15
united-kingdom,Greece,18,12,22,12,23,20,16
united-kingdom,Iceland,5,14,2,1,1,2,2
united-kingdom,Israel,1,5,11,11,12,5,18
united-kingdom,Italy,14,24,14,15,9,17,8
united-kingdom,Lithuania,22,13,21,20,25,23,1
united-kingdom,Malta,12,18,15,10,11,16,5
united-kingdom,Moldova,23,2,23,17,21,13,20
united-kingdom,Norway,20,22,25,25,16,25,9
united-kingdom,Portugal,2,19,5,9,3,4,11
united-kingdom,Russia,17,7,13,16,18,15,14
united-kingdom,San Marino,10,10,10,4,10,8,17
united-kingdom,Serbia,19,11,18,8,4,12,23
united-kingdom,Spain,8,17,12,5,7,9,24
united-kingdom,Sweden,7,21,7,19,24,14,12
united-kingdom,Switzerland,9,3,1,3,14,3,10
united-kingdom,The Netherlands,6,20,8,21,6,11,22
united-kingdom,Ukraine,24,8,20,24,20,18,7
